<?xml version="1.0" encoding="UTF-8"?>
<!DOCTYPE pdf2xml SYSTEM "pdf2xml.dtd">

<pdf2xml producer="poppler" version="22.02.0">
<page number="1" position="absolute" top="0" left="0" height="1262" width="892">
	<fontspec id="0" size="22" family="Helvetica" color="#6d7278"/>
	<fontspec id="1" size="15" family="Helvetica" color="#999999"/>
	<fontspec id="2" size="15" family="Helvetica" color="#000000"/>
	<fontspec id="3" size="22" family="Helvetica" color="#000000"/>
	<fontspec id="4" size="15" family="Helvetica" color="#000000"/>
<image top="24" left="24" width="203" height="168" src="./output/6430/xml/6430-1_1.png"/>
<text top="206" left="55" width="139" height="21" font="0">PRÉSERVER</text>
<text top="234" left="38" width="173" height="21" font="0">SAUVEGARDER</text>
<text top="263" left="60" width="129" height="21" font="0">VALORISER</text>
<text top="59" left="228" width="544" height="15" font="1">MISSION NATIONALE DE SAUVEGARDE DU PATRIMOINE SCIENTIFIQUE</text>
<text top="82" left="228" width="250" height="15" font="1">ET TECHNIQUE CONTEMPORAIN</text>
<text top="127" left="228" width="4" height="14" font="2"> </text>
<text top="145" left="228" width="604" height="21" font="3"><b>VOLTMÈTRE DÉCIBELMÈTRE PORTABLE HEATHKIT IM</b></text>
<text top="169" left="228" width="25" height="21" font="3"><b>38</b></text>
<text top="192" left="228" width="77" height="14" font="2">FICHE N° 3</text>
<text top="208" left="228" width="4" height="14" font="2"> </text>
<text top="224" left="228" width="375" height="14" font="2">Modèle : Voltmètre décibelmètre portable Heathkit IM 38</text>
<text top="240" left="228" width="195" height="14" font="2">Fabricant : Heathkit company</text>
<text top="257" left="228" width="142" height="14" font="2">Domaines : Physique</text>
<text top="273" left="228" width="269" height="14" font="2">Sous-domaines : Electricité Electronique</text>
<text top="289" left="228" width="385" height="14" font="2">Organisme : Université de Rennes 1 Campus de Beaulieu</text>
<text top="305" left="228" width="230" height="14" font="2">Période de fabrication : 1950-1975</text>
<text top="321" left="228" width="121" height="14" font="2">Région : Bretagne</text>
<text top="338" left="228" width="93" height="14" font="2">Ville : Rennes</text>
<text top="354" left="228" width="129" height="14" font="2">Hauteur (cm) : 22.5</text>
<text top="370" left="228" width="115" height="14" font="2">Largeur (cm) : 12</text>
<text top="386" left="228" width="138" height="14" font="2">Profondeur (cm) : 15</text>
<text top="402" left="228" width="113" height="14" font="2">Diamètre (cm) : -</text>
<text top="435" left="228" width="83" height="14" font="4"><b>Description</b></text>
<text top="451" left="228" width="606" height="14" font="2">Le voltmètre Heathkit IM 38 est un voltmètre alternatif analogique à aiguille et est constitué</text>
<text top="467" left="228" width="606" height="14" font="2">d'un boitier gris en plastique muni d'une poignée supérieure. Alimenté sur le secteur, il</text>
<text top="483" left="228" width="606" height="14" font="2">comporte deux bornes à l'avant entre lesquelles on applique la tension électrique à</text>
<text top="500" left="228" width="606" height="14" font="2">mesurer. Livré en kit et à monter soi-même, élaboré à l'aide de tubes à vide électroniques,</text>
<text top="516" left="228" width="606" height="14" font="2">il permet de mesurer des tensions alternatives et de manière corrélative, par une échelle</text>
<text top="532" left="228" width="606" height="14" font="2">spécifique sur le cadran, de mesurer aussi le gain en décibels.Un potentiomètres de</text>
<text top="548" left="228" width="606" height="14" font="2">réglage situé à l'arrière permet un réglage du zéro.Mise en Marche-Arrêt par le biais du</text>
<text top="564" left="228" width="606" height="14" font="2">bouton de sélection de calibre : Arrêt en position extrême droite. Alimentation secteur 220</text>
<text top="581" left="228" width="422" height="14" font="2">V.Corps en plastique marron-gris clair, façade marron-gris clair.</text>
<text top="613" left="228" width="73" height="14" font="4"><b>Utilisation</b></text>
<text top="629" left="228" width="356" height="14" font="2">Cet appareil était destiné aux amateurs d'électricité et</text>
<text top="645" left="228" width="606" height="14" font="2">d'électronique. Par son faible prix , il était largement diffusé. Il servait aux étudiants en</text>
<text top="662" left="228" width="220" height="14" font="2">travaux pratiques d'électronique. </text>
</page>
<page number="2" position="absolute" top="0" left="0" height="1262" width="892">
<image top="21" left="21" width="563" height="750" src="./output/6430/xml/6430-2_1.jpg"/>
</page>
<page number="3" position="absolute" top="0" left="0" height="1262" width="892">
<image top="21" left="21" width="563" height="898" src="./output/6430/xml/6430-3_1.jpg"/>
</page>
<page number="4" position="absolute" top="0" left="0" height="1262" width="892">
<image top="21" left="21" width="563" height="886" src="./output/6430/xml/6430-4_1.jpg"/>
<image top="930" left="21" width="563" height="278" src="./output/6430/xml/6430-4_2.jpg"/>
</page>
<page number="5" position="absolute" top="0" left="0" height="1262" width="892">
	<fontspec id="5" size="1" family="Helvetica" color="#000000"/>
<image top="21" left="21" width="563" height="910" src="./output/6430/xml/6430-5_1.jpg"/>
</page>
</pdf2xml>
